SYMBOL	A1	A2	A3	A4	A5	A6	A7	A8	A9	A10	A11	A12	A13	A14
CFTR	UniProtKB:P13569	Cystic fibrosis transmembrane conductance regulator		GO:0030301		Ensembl	NCBITaxon:9606	IEA	UniProtKB:P26361|ensembl:ENSMUSP00000049228	PANTHER:PTHR24223	protein		GO_REF:0000107	20210612
URS000034B6F5_9606	RNAcentral:URS000034B6F5_9606	Homo sapiens (human) hsa-miR-206		GO:0010875	"{""relationship"": {""relation"": [{""id"": ""BFO:0000066"", ""label"": ""occurs in""}], ""id"": ""CL:0000235"", ""label"": ""macrophage""}}"	BHF-UCL	NCBITaxon:9606	IMP			miRNA		PMID:24603323	20210328
URS000034B6F5_9606	RNAcentral:URS000034B6F5_9606	Homo sapiens (human) hsa-miR-206		GO:0090370	"{""relationship"": {""relation"": [{""id"": ""BFO:0000066"", ""label"": ""occurs in""}], ""id"": ""UBERON:0002107"", ""label"": ""liver""}}"	BHF-UCL	NCBITaxon:9606	IMP			miRNA		PMID:24603323	20210326
URS000037C5A8_9606	RNAcentral:URS000037C5A8_9606	Homo sapiens (human) hsa-miR-144-3p		GO:0090370	"{""relationship"": {""relation"": [{""id"": ""BFO:0000066"", ""label"": ""occurs in""}], ""id"": ""CL:0000182"", ""label"": ""hepatocyte""}}"	BHF-UCL	NCBITaxon:9606	IDA			miRNA		PMID:23519695	20180723
URS000037C5A8_9606	RNAcentral:URS000037C5A8_9606	Homo sapiens (human) hsa-miR-144-3p		GO:0090370	"{""relationship"": {""relation"": [{""id"": ""BFO:0000066"", ""label"": ""occurs in""}], ""id"": ""CL:0000235"", ""label"": ""macrophage""}}|{""relationship"": {""relation"": [{""id"": ""BFO:0000066"", ""label"": ""occurs in""}], ""id"": ""CL:0000517"", ""label"": ""macrophage derived foam cell""}}"	ARUK-UCL	NCBITaxon:9606	IGI	UniProtKB:O95477		miRNA		PMID:24733347	20190530
URS000037C5A8_9606	RNAcentral:URS000037C5A8_9606	Homo sapiens (human) hsa-miR-144-3p		GO:1903063		ARUK-UCL	NCBITaxon:9606	IGI	UniProtKB:O95477		miRNA		PMID:24733347	20190530
URS000013D17D_9606	RNAcentral:URS000013D17D_9606	Homo sapiens (human) hsa-miR-19b-3p		GO:0090370	"{""relationship"": {""relation"": [{""id"": ""BFO:0000066"", ""label"": ""occurs in""}], ""id"": ""CL:0000517"", ""label"": ""macrophage derived foam cell""}}"	BHF-UCL	NCBITaxon:9606	IDA			miRNA		PMID:25084135	20160329
URS000013D17D_9606	RNAcentral:URS000013D17D_9606	Homo sapiens (human) hsa-miR-19b-3p		GO:0090370	"{""relationship"": {""relation"": [{""id"": ""BFO:0000066"", ""label"": ""occurs in""}], ""id"": ""CL:0000517"", ""label"": ""macrophage derived foam cell""}}|{""relationship"": {""relation"": [{""id"": ""BFO:0000050"", ""label"": ""part of""}], ""id"": ""GO:1905093"", ""label"": ""cellular response to diosgenin""}}"	BHF-UCL	NCBITaxon:9606	IMP			miRNA		PMID:25765596	20160407
URS000013D17D_9606	RNAcentral:URS000013D17D_9606	Homo sapiens (human) hsa-miR-19b-3p		GO:1903063		BHF-UCL	NCBITaxon:9606	ISS	RNAcentral:URS000013D17D_10090		miRNA		GO_REF:0000024	20160412
URS00002075FA_9606	RNAcentral:URS00002075FA_9606	Homo sapiens (human) hsa-miR-17-5p		GO:1905601		ARUK-UCL	NCBITaxon:9606	IDA			miRNA		PMID:23285084	20190226
anxa2-pcsk9_human	ComplexPortal:CPX-130	ANXA2-PCSK9 complex		GO:1905602	"{""relationship"": {""relation"": [{""id"": ""BFO:0000050"", ""label"": ""part of""}], ""id"": ""GO:0032385"", ""label"": ""positive regulation of intracellular cholesterol transport""}}|{""relationship"": {""relation"": [{""id"": ""RO:0002233"", ""label"": ""has input""}], ""id"": ""GO:0034362"", ""label"": ""low-density lipoprotein particle""}}|{""relationship"": {""relation"": [{""id"": ""BFO:0000050"", ""label"": ""part of""}], ""id"": ""GO:1905581"", ""label"": ""positive regulation of low-density lipoprotein particle clearance""}}|{""relationship"": {""relation"": [{""id"": ""BFO:0000050"", ""label"": ""part of""}], ""id"": ""GO:1905599"", ""label"": ""positive regulation of low-density lipoprotein receptor activity""}}|{""relationship"": {""relation"": [{""id"": ""BFO:0000050"", ""label"": ""part of""}], ""id"": ""GO:1905597"", ""label"": ""positive regulation of low-density lipoprotein particle receptor binding""}}|{""relationship"": {""relation"": [{""id"": ""BFO:0000050"", ""label"": ""part of""}], ""id"": ""GO:1905602"", ""label"": ""positive regulation of receptor-mediated endocytosis involved in cholesterol transport""}}|{""relationship"": {""relation"": [{""id"": ""BFO:0000050"", ""label"": ""part of""}], ""id"": ""GO:0001921"", ""label"": ""positive regulation of receptor recycling""}}"	BHF-UCL	NCBITaxon:9606	IDA			protein_complex		PMID:22848640	20161031
URS000024B619_9606	RNAcentral:URS000024B619_9606	Homo sapiens (human) hsa-miR-758-3p		GO:0090370	"{""relationship"": {""relation"": [{""id"": ""BFO:0000066"", ""label"": ""occurs in""}], ""id"": ""CL:0000235"", ""label"": ""macrophage""}}|{""relationship"": {""relation"": [{""id"": ""BFO:0000066"", ""label"": ""occurs in""}], ""id"": ""CL:0000540"", ""label"": ""neuron""}}"	BHF-UCL	NCBITaxon:9606	IDA			miRNA		PMID:21885853	20180723
URS000024A59E_9606	RNAcentral:URS000024A59E_9606	Homo sapiens (human) hsa-miR-128-3p		GO:0090370		BHF-UCL	NCBITaxon:9606	IDA			miRNA		PMID:23990020	20210326
URS000024A59E_9606	RNAcentral:URS000024A59E_9606	Homo sapiens (human) hsa-miR-128-3p		GO:0090370		BHF-UCL	NCBITaxon:9606	IDA			miRNA		PMID:26501192	20170717
URS0000251D0B_9606	RNAcentral:URS0000251D0B_9606	Homo sapiens (human) hsa-miR-301b-3p		GO:0090370		BHF-UCL	NCBITaxon:9606	IDA			miRNA		PMID:26501192	20170721
URS00002C0FCB_9606	RNAcentral:URS00002C0FCB_9606	Homo sapiens (human) hsa-miR-130b-3p		GO:0090370		BHF-UCL	NCBITaxon:9606	IDA			miRNA		PMID:26501192	20170721
URS0000483184_9606	RNAcentral:URS0000483184_9606	Homo sapiens (human) hsa-miR-33a-5p		GO:0090370		BHF-UCL	NCBITaxon:9606	IMP			miRNA		PMID:20466882	20210524
URS0000483184_9606	RNAcentral:URS0000483184_9606	Homo sapiens (human) hsa-miR-33a-5p		GO:0090370	"{""relationship"": {""relation"": [{""id"": ""BFO:0000066"", ""label"": ""occurs in""}], ""id"": ""CL:0000182"", ""label"": ""hepatocyte""}}"	BHF-UCL	NCBITaxon:9606	IDA			miRNA		PMID:20466885	20180726
URS0000483184_9606	RNAcentral:URS0000483184_9606	Homo sapiens (human) hsa-miR-33a-5p		GO:0090370		BHF-UCL	NCBITaxon:9606	IDA			miRNA		PMID:20566875	20180712
URS0000483184_9606	RNAcentral:URS0000483184_9606	Homo sapiens (human) hsa-miR-33a-5p		GO:0090370	"{""relationship"": {""relation"": [{""id"": ""BFO:0000066"", ""label"": ""occurs in""}], ""id"": ""CL:0000235"", ""label"": ""macrophage""}}|{""relationship"": {""relation"": [{""id"": ""BFO:0000050"", ""label"": ""part of""}], ""id"": ""GO:0038027"", ""label"": ""apolipoprotein A-I-mediated signaling pathway""}}"	BHF-UCL	NCBITaxon:9606	IMP			miRNA		PMID:20855588	20180710
URS0000483184_9606	RNAcentral:URS0000483184_9606	Homo sapiens (human) hsa-miR-33a-5p		GO:1903063		BHF-UCL	NCBITaxon:9606	ISS	RNAcentral:URS0000483184_10090		miRNA		GO_REF:0000024	20180724
URS000059311D_9606	RNAcentral:URS000059311D_9606	Homo sapiens (human) hsa-miR-27b-3p		GO:0090370	"{""relationship"": {""relation"": [{""id"": ""BFO:0000066"", ""label"": ""occurs in""}], ""id"": ""CL:0000517"", ""label"": ""macrophage derived foam cell""}}|{""relationship"": {""relation"": [{""id"": ""RO:0002211"", ""label"": ""regulates""}, {""id"": ""BFO:0000066"", ""label"": ""occurs in""}], ""id"": ""CL:0000517"", ""label"": ""macrophage derived foam cell""}}"	ARUK-UCL	NCBITaxon:9606	IDA			miRNA		PMID:24608080	20190116
URS000059311D_9606	RNAcentral:URS000059311D_9606	Homo sapiens (human) hsa-miR-27b-3p		GO:0090370	"{""relationship"": {""relation"": [{""id"": ""BFO:0000066"", ""label"": ""occurs in""}], ""id"": ""CL:0000182"", ""label"": ""hepatocyte""}}"	BHF-UCL	NCBITaxon:9606	IDA			miRNA		PMID:26520906	20180221
URS000059311D_9606	RNAcentral:URS000059311D_9606	Homo sapiens (human) hsa-miR-27b-3p		GO:1905601	"{""relationship"": {""relation"": [{""id"": ""BFO:0000066"", ""label"": ""occurs in""}], ""id"": ""CL:0000182"", ""label"": ""hepatocyte""}}"	ARUK-UCL	NCBITaxon:9606	IDA			miRNA		PMID:26520906	20190303
URS00004C8DD5_9606	RNAcentral:URS00004C8DD5_9606	Homo sapiens (human) hsa-miR-33b-5p		GO:0090370	"{""relationship"": {""relation"": [{""id"": ""BFO:0000066"", ""label"": ""occurs in""}], ""id"": ""CL:0000581"", ""label"": ""peritoneal macrophage""}}"	BHF-UCL	NCBITaxon:9606	IMP			miRNA		PMID:24931346	20180724
URS00003B95DA_9606	RNAcentral:URS00003B95DA_9606	Homo sapiens (human) hsa-miR-27a-3p		GO:0090370	"{""relationship"": {""relation"": [{""id"": ""BFO:0000066"", ""label"": ""occurs in""}], ""id"": ""CL:0000517"", ""label"": ""macrophage derived foam cell""}}|{""relationship"": {""relation"": [{""id"": ""RO:0002211"", ""label"": ""regulates""}, {""id"": ""BFO:0000066"", ""label"": ""occurs in""}], ""id"": ""CL:0000517"", ""label"": ""macrophage derived foam cell""}}"	ARUK-UCL	NCBITaxon:9606	IDA			miRNA		PMID:24608080	20190116
URS0000070CD2_9606	RNAcentral:URS0000070CD2_9606	Homo sapiens (human) hsa-miR-302a-3p		GO:0090370	"{""relationship"": {""relation"": [{""id"": ""BFO:0000066"", ""label"": ""occurs in""}], ""id"": ""CL:0000235"", ""label"": ""macrophage""}}|{""relationship"": {""relation"": [{""id"": ""BFO:0000050"", ""label"": ""part of""}], ""id"": ""GO:0071404"", ""label"": ""cellular response to low-density lipoprotein particle stimulus""}}"	BHF-UCL	NCBITaxon:9606	IDA			miRNA		PMID:25524771	20180723
URS00003BBF48_9606	RNAcentral:URS00003BBF48_9606	Homo sapiens (human) hsa-miR-148a-3p		GO:0090370	"{""relationship"": {""relation"": [{""id"": ""BFO:0000066"", ""label"": ""occurs in""}], ""id"": ""CL:0000182"", ""label"": ""hepatocyte""}}"	BHF-UCL	NCBITaxon:9606	IDA			miRNA		PMID:26437365	20180608
URS00003BBF48_9606	RNAcentral:URS00003BBF48_9606	Homo sapiens (human) hsa-miR-148a-3p		GO:0090370		BHF-UCL	NCBITaxon:9606	IDA			miRNA		PMID:26501192	20170717
URS000019B0F7_9606	RNAcentral:URS000019B0F7_9606	Homo sapiens (human) hsa-miR-26a-5p		GO:0090370	"{""relationship"": {""relation"": [{""id"": ""BFO:0000066"", ""label"": ""occurs in""}], ""id"": ""CL:0000235"", ""label"": ""macrophage""}}"	BHF-UCL	NCBITaxon:9606	ISS	RNAcentral:URS000019B0F7_10090		miRNA		PMID:22673513	20180724
TSPO	UniProtKB:P30536	Translocator protein		GO:0032374		HGNC-UCL	NCBITaxon:9606	TAS		PANTHER:PTHR10057	protein		PMID:16822554	20071018
PPARG	UniProtKB:P37231	Peroxisome proliferator-activated receptor gamma		GO:0010875	"{""relationship"": {""relation"": [{""id"": ""BFO:0000066"", ""label"": ""occurs in""}], ""id"": ""CL:0000235"", ""label"": ""macrophage""}}"	BHF-UCL	NCBITaxon:9606	IDA		PANTHER:PTHR24082	protein		PMID:24751522	20210326
PCSK9	UniProtKB:Q8NBP7	Proprotein convertase subtilisin/kexin type 9		GO:1905601	"{""relationship"": {""relation"": [{""id"": ""BFO:0000050"", ""label"": ""part of""}], ""id"": ""GO:1905601"", ""label"": ""negative regulation of receptor-mediated endocytosis involved in cholesterol transport""}}|{""relationship"": {""relation"": [{""id"": ""BFO:0000050"", ""label"": ""part of""}], ""id"": ""GO:1905596"", ""label"": ""negative regulation of low-density lipoprotein particle receptor binding""}}|{""relationship"": {""relation"": [{""id"": ""RO:0002011"", ""label"": ""regulates transport of""}], ""id"": ""GO:0034362"", ""label"": ""low-density lipoprotein particle""}}|{""relationship"": {""relation"": [{""id"": ""BFO:0000050"", ""label"": ""part of""}], ""id"": ""GO:0001920"", ""label"": ""negative regulation of receptor recycling""}}|{""relationship"": {""relation"": [{""id"": ""BFO:0000050"", ""label"": ""part of""}], ""id"": ""GO:0032805"", ""label"": ""positive regulation of low-density lipoprotein particle receptor catabolic process""}}|{""relationship"": {""relation"": [{""id"": ""BFO:0000050"", ""label"": ""part of""}], ""id"": ""GO:1905598"", ""label"": ""negative regulation of low-density lipoprotein receptor activity""}}"	BHF-UCL	NCBITaxon:9606	IDA		PANTHER:PTHR43806	protein		PMID:22848640	20161031
ZDHHC8	UniProtKB:Q9ULC8	Palmitoyltransferase ZDHHC8		GO:0010875		UniProt	NCBITaxon:9606	IDA		PANTHER:PTHR12349	protein		PMID:19556522	20200423
SIRT1	UniProtKB:Q96EB6	NAD-dependent protein deacetylase sirtuin-1		GO:0010875		UniProt	NCBITaxon:9606	ISS	UniProtKB:Q923E4	PANTHER:PTHR11085	protein		GO_REF:0000024	20111130
ABCA12	UniProtKB:Q86UK0	Glucosylceramide transporter ABCA12		GO:0010875		BHF-UCL	NCBITaxon:9606	IDA		PANTHER:PTHR19229	protein		PMID:23931754	20140528
OSBPL6	UniProtKB:Q9BZF3	Oxysterol-binding protein-related protein 6		GO:0032374		UniProt	NCBITaxon:9606	IMP		PANTHER:PTHR10972	protein		PMID:26941018	20191107
ABCA2	UniProtKB:Q9BZC7	ATP-binding cassette sub-family A member 2		GO:0032384	"{""relationship"": {""relation"": [{""id"": ""BFO:0000066"", ""label"": ""occurs in""}], ""id"": ""CL:0000540"", ""label"": ""neuron""}}"	ARUK-UCL	NCBITaxon:9606	IDA		PANTHER:PTHR19229	protein		PMID:21810484	20190726
ABCA2	UniProtKB:Q9BZC7	ATP-binding cassette sub-family A member 2		GO:0090370	"{""relationship"": {""relation"": [{""id"": ""BFO:0000066"", ""label"": ""occurs in""}], ""id"": ""CL:0000540"", ""label"": ""neuron""}}"	ARUK-UCL	NCBITaxon:9606	IDA		PANTHER:PTHR19229	protein		PMID:21810484	20190726
ABCA2	UniProtKB:Q9BZC7	ATP-binding cassette sub-family A member 2		GO:1905601	"{""relationship"": {""relation"": [{""id"": ""BFO:0000066"", ""label"": ""occurs in""}], ""id"": ""CL:0000540"", ""label"": ""neuron""}}"	ARUK-UCL	NCBITaxon:9606	IDA		PANTHER:PTHR19229	protein		PMID:21810484	20190726
ABCA2	UniProtKB:Q9BZC7	ATP-binding cassette sub-family A member 2		GO:0032383		UniProt	NCBITaxon:9606	ISS	UniProtKB:P41234	PANTHER:PTHR19229	protein		GO_REF:0000024	20201116
ABCA2	UniProtKB:Q9BZC7	ATP-binding cassette sub-family A member 2		GO:0032383		UniProt	NCBITaxon:9606	IMP		PANTHER:PTHR19229	protein		PMID:15238223	20061113
TREM2	UniProtKB:Q9NZC2	Triggering receptor expressed on myeloid cells 2		GO:0010875	"{""relationship"": {""relation"": [{""id"": ""BFO:0000050"", ""label"": ""part of""}], ""id"": ""GO:0048678"", ""label"": ""response to axon injury""}}|{""relationship"": {""relation"": [{""id"": ""BFO:0000050"", ""label"": ""part of""}], ""id"": ""CL:0000129"", ""label"": ""microglial cell""}}"	ARUK-UCL	NCBITaxon:9606	ISS	UniProtKB:Q99NH8	PANTHER:PTHR11860	protein		GO_REF:0000024	20210303
CAV1	UniProtKB:Q03135	Caveolin-1		GO:0010875		ARUK-UCL	NCBITaxon:9606	IDA		PANTHER:PTHR10844	protein		PMID:24576892	20191007
CAV1	UniProtKB:Q03135	Caveolin-1		GO:0030301		HGNC-UCL	NCBITaxon:9606	TAS		PANTHER:PTHR10844	protein		PMID:11294831	20051102
PLA2G10	UniProtKB:O15496	Group 10 secretory phospholipase A2		GO:0090370		BHF-UCL	NCBITaxon:9606	ISS	UniProtKB:Q9QXX3	PANTHER:PTHR11716	protein		PMID:20844270	20110504
CD36	UniProtKB:P16671	Platelet glycoprotein 4		GO:0030299		UniProt	NCBITaxon:9606	ISS	UniProtKB:Q08857	PANTHER:PTHR11923	protein		GO_REF:0000024	20151001
CD36	UniProtKB:P16671	Platelet glycoprotein 4		GO:0030301		BHF-UCL	NCBITaxon:9606	ISS	UniProtKB:Q08857	PANTHER:PTHR11923	protein		PMID:12376530	20090126
CD36	UniProtKB:P16671	Platelet glycoprotein 4		GO:0070508		UniProt	NCBITaxon:9606	ISS	UniProtKB:Q08857	PANTHER:PTHR11923	protein		GO_REF:0000024	20151001
APOA5	UniProtKB:Q6Q788	Apolipoprotein A-V		GO:0033344		GO_Central	NCBITaxon:9606	IBA	PANTHER:PTN002709027|UniProtKB:P06727|MGI:MGI:88049|UniProtKB:P02647	PANTHER:PTHR18976	protein		PMID:21873635	20170228
APOA5	UniProtKB:Q6Q788	Apolipoprotein A-V		GO:0030300		GO_Central	NCBITaxon:9606	IBA	PANTHER:PTN000439035|MGI:MGI:88051|MGI:MGI:88049	PANTHER:PTHR18976	protein		PMID:21873635	20170228
LIPG	UniProtKB:Q9Y5X9	Endothelial lipase		GO:0032376		BHF-UCL	NCBITaxon:9606	IDA		PANTHER:PTHR11610	protein		PMID:19136670	20090508
LIPG	UniProtKB:Q9Y5X9	Endothelial lipase		GO:0043691		BHF-UCL	NCBITaxon:9606	IMP		PANTHER:PTHR11610	protein		PMID:19136670	20090508
YJEFN3	UniProtKB:A6XGL0	YjeF N-terminal domain-containing protein 3		GO:0010874		UniProt	NCBITaxon:9606	ISS	UniProtKB:Q1LVI2	PANTHER:PTHR13232	protein		GO_REF:0000024	20200416
PIP4K2A	UniProtKB:P48426	Phosphatidylinositol 5-phosphate 4-kinase type-2 alpha		GO:0090119		UniProt	NCBITaxon:9606	IMP		PANTHER:PTHR23086	protein		PMID:29353240	20201113
ENPP7	UniProtKB:Q6UWV6	Ectonucleotide pyrophosphatase/phosphodiesterase family member 7		GO:0045797		UniProt	NCBITaxon:9606	ISS	UniProtKB:Q3TIW9	PANTHER:PTHR10151	protein		GO_REF:0000024	20200320
ABCA8	UniProtKB:O94911	ABC-type organic anion transporter ABCA8		GO:0010874		UniProt	NCBITaxon:9606	IMP		PANTHER:PTHR19229	protein		PMID:28882873	20201109
ABCA8	UniProtKB:O94911	ABC-type organic anion transporter ABCA8		GO:0010875		UniProt	NCBITaxon:9606	IMP		PANTHER:PTHR19229	protein		PMID:23560799	20201106
ABCA8	UniProtKB:O94911	ABC-type organic anion transporter ABCA8		GO:0030301		UniProt	NCBITaxon:9606	ISS	UniProtKB:O94911-3	PANTHER:PTHR19229	protein		GO_REF:0000024	20201109
ABCA8	UniProtKB:O94911	ABC-type organic anion transporter ABCA8		GO:0033344		UniProt	NCBITaxon:9606	ISS	UniProtKB:O94911-3	PANTHER:PTHR19229	protein		GO_REF:0000024	20201109
EEPD1	UniProtKB:Q7L9B9	Endonuclease/exonuclease/phosphatase family domain-containing protein 1		GO:0010875	"{""relationship"": {""relation"": [{""id"": ""BFO:0000066"", ""label"": ""occurs in""}], ""id"": ""CL:0000235"", ""label"": ""macrophage""}}"	BHF-UCL	NCBITaxon:9606	IMP		PANTHER:PTHR21180	protein		PMID:28082258	20191218
TSPO2	UniProtKB:Q5TGU0	Translocator protein 2		GO:0032367		UniProt	NCBITaxon:9606	ISS	UniProtKB:E2RDM9	PANTHER:PTHR10057	protein		GO_REF:0000024	20200708
VPS4A	UniProtKB:Q9UN37	Vacuolar protein sorting-associated protein 4A		GO:0032367		UniProt	NCBITaxon:9606	IMP		PANTHER:PTHR23074	protein		PMID:10637304	20150302
FURIN	UniProtKB:P09958	Furin		GO:0032374		Ensembl	NCBITaxon:9606	IEA	UniProtKB:P23188|ensembl:ENSMUSP00000113793	PANTHER:PTHR42884	protein		GO_REF:0000107	20210612
ABCA3	UniProtKB:Q99758	Phospholipid-transporting ATPase ABCA3		GO:0010875		UniProt	NCBITaxon:9606	IMP		PANTHER:PTHR19229	protein		PMID:25817392	20201130
ABCA5	UniProtKB:Q8WWZ7	Cholesterol transporter ABCA5		GO:0010874		UniProt	NCBITaxon:9606	ISS	UniProtKB:Q8K448	PANTHER:PTHR19229	protein		GO_REF:0000024	20201210
ABCA5	UniProtKB:Q8WWZ7	Cholesterol transporter ABCA5		GO:0010874		UniProt	NCBITaxon:9606	IMP		PANTHER:PTHR19229	protein		PMID:25125465	20201210
ABCA5	UniProtKB:Q8WWZ7	Cholesterol transporter ABCA5		GO:0033344		BHF-UCL	NCBITaxon:9606	ISS	UniProtKB:Q8K448	PANTHER:PTHR19229	protein		PMID:20382126	20100601
ABCA5	UniProtKB:Q8WWZ7	Cholesterol transporter ABCA5		GO:0043691		BHF-UCL	NCBITaxon:9606	IC	GO:0034375	PANTHER:PTHR19229	protein		PMID:20382126	20100601
ABCA5	UniProtKB:Q8WWZ7	Cholesterol transporter ABCA5		GO:1903064		UniProt	NCBITaxon:9606	ISS	UniProtKB:Q8K448	PANTHER:PTHR19229	protein		GO_REF:0000024	20201210
SHH	UniProtKB:Q15465	Sonic hedgehog protein		GO:0090370		BHF-UCL	NCBITaxon:9606	ISS	UniProtKB:Q62226	PANTHER:PTHR11889	protein		GO_REF:0000024	20111127
TSKU	UniProtKB:Q8WUA8	Tsukushi		GO:0033344		UniProt	NCBITaxon:9606	ISS	UniProtKB:Q8CBR6	PANTHER:PTHR45617	protein		GO_REF:0000024	20201119
ABCA7	UniProtKB:Q8IZY2	Phospholipid-transporting ATPase ABCA7		GO:0010875		Alzheimers_University_of_Toronto	NCBITaxon:9606	ISS	UniProtKB:Q91V24	PANTHER:PTHR19229	protein		GO_REF:0000024	20140515
ABCA7	UniProtKB:Q8IZY2	Phospholipid-transporting ATPase ABCA7		GO:0033344		Alzheimers_University_of_Toronto	NCBITaxon:9606	IDA		PANTHER:PTHR19229	protein		PMID:14570867	20140409
ABCA7	UniProtKB:Q8IZY2	Phospholipid-transporting ATPase ABCA7		GO:0033344		GO_Central	NCBITaxon:9606	IBA	PANTHER:PTN002710138|UniProtKB:Q8IZY2|MGI:MGI:1351646	PANTHER:PTHR19229	protein		PMID:21873635	20200808
CETP	UniProtKB:P11597	Cholesteryl ester transfer protein		GO:0010874		BHF-UCL	NCBITaxon:9606	IMP		PANTHER:PTHR47616	protein		PMID:16670775	20090526
CETP	UniProtKB:P11597	Cholesteryl ester transfer protein		GO:0030301		UniProt	NCBITaxon:9606	IDA		PANTHER:PTHR47616	protein		PMID:24293641	20141010
CETP	UniProtKB:P11597	Cholesteryl ester transfer protein		GO:0032376		BHF-UCL	NCBITaxon:9606	IDA		PANTHER:PTHR47616	protein		PMID:2833496	20191007
CETP	UniProtKB:P11597	Cholesteryl ester transfer protein		GO:0043691		BHF-UCL	NCBITaxon:9606	IC	GO:0034375	PANTHER:PTHR47616	protein		PMID:7583561	20090508
MSR1	UniProtKB:P21757	Macrophage scavenger receptor types I and II		GO:0030301		BHF-UCL	NCBITaxon:9606	ISS	UniProtKB:P30204	PANTHER:PTHR19331	protein		PMID:12376530	20090126
NPC2	UniProtKB:P61916	NPC intracellular cholesterol transporter 2		GO:0032367		MGI	NCBITaxon:9606	IGI	UniProtKB:Q96E22	PANTHER:PTHR11306	protein		PMID:19723497	20120530
NPC2	UniProtKB:P61916	NPC intracellular cholesterol transporter 2		GO:0030301		HGNC-UCL	NCBITaxon:9606	IDA		PANTHER:PTHR11306	protein		PMID:17018531	20071016
NPC2	UniProtKB:P61916	NPC intracellular cholesterol transporter 2		GO:0030301		UniProt	NCBITaxon:9606	IDA		PANTHER:PTHR11306	protein		PMID:18772377	20120711
NPC2	UniProtKB:P61916	NPC intracellular cholesterol transporter 2		GO:0032367		UniProt	NCBITaxon:9606	IMP		PANTHER:PTHR11306	protein		PMID:15937921	20180606
NPC2	UniProtKB:P61916	NPC intracellular cholesterol transporter 2		GO:0032367		HGNC-UCL	NCBITaxon:9606	IDA		PANTHER:PTHR11306	protein		PMID:17018531	20071016
NPC2	UniProtKB:P61916	NPC intracellular cholesterol transporter 2		GO:0032367		UniProt	NCBITaxon:9606	IDA		PANTHER:PTHR11306	protein		PMID:18823126	20120711
NPC2	UniProtKB:P61916	NPC intracellular cholesterol transporter 2		GO:0032367		UniProt	NCBITaxon:9606	IMP		PANTHER:PTHR11306	protein		PMID:27238017	20180606
NPC2	UniProtKB:P61916	NPC intracellular cholesterol transporter 2		GO:0033344		BHF-UCL	NCBITaxon:9606	IDA		PANTHER:PTHR11306	protein		PMID:16141411	20091124
NPC2	UniProtKB:P61916	NPC intracellular cholesterol transporter 2		GO:0033344		GO_Central	NCBITaxon:9606	IBA	PANTHER:PTN002601680|MGI:MGI:1915213|UniProtKB:P61916	PANTHER:PTHR11306	protein		PMID:21873635	20190321
NPC2	UniProtKB:P61916	NPC intracellular cholesterol transporter 2		GO:0032367		GO_Central	NCBITaxon:9606	IBA	PANTHER:PTN002601680|UniProtKB:P61916|MGI:MGI:1915213|UniProtKB:P79345	PANTHER:PTHR11306	protein		PMID:21873635	20190321
SCARB1	UniProtKB:Q8WTV0	Scavenger receptor class B member 1		GO:0033344	"{""relationship"": {""relation"": [{""id"": ""BFO:0000066"", ""label"": ""occurs in""}], ""id"": ""UBERON:0000201"", ""label"": ""endothelial blood brain barrier""}}"	AgBase	NCBITaxon:9606	IMP		PANTHER:PTHR11923	protein		PMID:12202492	20150109
SCARB1	UniProtKB:Q8WTV0	Scavenger receptor class B member 1		GO:0033344		BHF-UCL	NCBITaxon:9606	ISS	UniProtKB:Q61009	PANTHER:PTHR11923	protein		PMID:14718538	20090316
SCARB1	UniProtKB:Q8WTV0	Scavenger receptor class B member 1		GO:0043691		BHF-UCL	NCBITaxon:9606	IEP		PANTHER:PTHR11923	protein		PMID:9211901	20090313
SCARB1	UniProtKB:Q8WTV0	Scavenger receptor class B member 1		GO:0070508		BHF-UCL	NCBITaxon:9606	ISS	UniProtKB:Q61009	PANTHER:PTHR11923	protein		GO_REF:0000024	20111129
SCARB1	UniProtKB:Q8WTV0	Scavenger receptor class B member 1		GO:0070508	"{""relationship"": {""relation"": [{""id"": ""BFO:0000066"", ""label"": ""occurs in""}], ""id"": ""UBERON:0013694"", ""label"": ""brain endothelium""}}"	AgBase	NCBITaxon:9606	IMP		PANTHER:PTHR11923	protein		PMID:11208913	20150113
SCARB1	UniProtKB:Q8WTV0	Scavenger receptor class B member 1		GO:0070508		BHF-UCL	NCBITaxon:9606	ISS	UniProtKB:Q61009	PANTHER:PTHR11923	protein		PMID:14718538	20090424
SCARB1	UniProtKB:Q8WTV0	Scavenger receptor class B member 1		GO:0070508		UniProt	NCBITaxon:9606	IMP		PANTHER:PTHR11923	protein		PMID:26965621	20160614
SCARB1	UniProtKB:Q8WTV0	Scavenger receptor class B member 1		GO:0070508		GO_Central	NCBITaxon:9606	IBA	PANTHER:PTN002629874|UniProtKB:Q8WTV0|MGI:MGI:893578	PANTHER:PTHR11923	protein		PMID:21873635	20200918
SCARB1	UniProtKB:Q8WTV0	Scavenger receptor class B member 1		GO:0033344		GO_Central	NCBITaxon:9606	IBA	PANTHER:PTN002629874|MGI:MGI:893578|UniProtKB:Q8WTV0	PANTHER:PTHR11923	protein		PMID:21873635	20200918
ABCB4	UniProtKB:P21439	Phosphatidylcholine translocator ABCB4		GO:0032376		UniProt	NCBITaxon:9606	IDA		PANTHER:PTHR24221	protein		PMID:17523162	20150724
ABCB4	UniProtKB:P21439	Phosphatidylcholine translocator ABCB4		GO:0032376		UniProt	NCBITaxon:9606	IMP		PANTHER:PTHR24221	protein		PMID:24045840	20150720
ABCA13	UniProtKB:Q86UQ4	ATP-binding cassette sub-family A member 13		GO:0032376		UniProt	NCBITaxon:9606	IDA		PANTHER:PTHR19229	protein		PMID:33478937	20210419
PLTP	UniProtKB:P55058	Phospholipid transfer protein		GO:0010875	"{""relationship"": {""relation"": [{""id"": ""BFO:0000066"", ""label"": ""occurs in""}], ""id"": ""UBERON:0000201"", ""label"": ""endothelial blood brain barrier""}}"	AgBase	NCBITaxon:9606	IDA		PANTHER:PTHR10504	protein		PMID:24369175	20150108
NR1H2	UniProtKB:P55055	Oxysterols receptor LXR-beta		GO:0010875		BHF-UCL	NCBITaxon:9606	IMP		PANTHER:PTHR24082	protein		PMID:17186944	20090424
NR1H2	UniProtKB:P55055	Oxysterols receptor LXR-beta		GO:0032376		BHF-UCL	NCBITaxon:9606	IDA		PANTHER:PTHR24082	protein		PMID:16141411	20091124
CES1	UniProtKB:P23141	Liver carboxylesterase 1		GO:0010875		UniProt	NCBITaxon:9606	IMP		PANTHER:PTHR11559	protein		PMID:16971496	20200407
CES1	UniProtKB:P23141	Liver carboxylesterase 1		GO:0010875		UniProt	NCBITaxon:9606	IMP		PANTHER:PTHR11559	protein		PMID:18599737	20200406
CES1	UniProtKB:P23141	Liver carboxylesterase 1		GO:0010875	"{""relationship"": {""relation"": [{""id"": ""BFO:0000066"", ""label"": ""occurs in""}], ""id"": ""CL:0000235"", ""label"": ""macrophage""}}"	ARUK-UCL	NCBITaxon:9606	IMP		PANTHER:PTHR11559	protein		PMID:18762277	20200216
CES1	UniProtKB:P23141	Liver carboxylesterase 1		GO:0043691		UniProt	NCBITaxon:9606	IMP		PANTHER:PTHR11559	protein		PMID:18599737	20200406
CES1	UniProtKB:P23141	Liver carboxylesterase 1		GO:0043691	"{""relationship"": {""relation"": [{""id"": ""BFO:0000066"", ""label"": ""occurs in""}], ""id"": ""CL:0000235"", ""label"": ""macrophage""}}"	ARUK-UCL	NCBITaxon:9606	IMP		PANTHER:PTHR11559	protein		PMID:18762277	20200216
CES1	UniProtKB:P23141	Liver carboxylesterase 1		GO:0090122		BHF-UCL	NCBITaxon:9606	TAS		PANTHER:PTHR11559	protein		PMID:11015575	20160721
STX12	UniProtKB:Q86Y82	Syntaxin-12		GO:0033344		BHF-UCL	NCBITaxon:9606	IDA		PANTHER:PTHR19957	protein		PMID:15469992	20071114
APOA4	UniProtKB:P06727	Apolipoprotein A-IV		GO:0032374		BHF-UCL	NCBITaxon:9606	IDA		PANTHER:PTHR18976	protein		PMID:11940599	20080107
APOA4	UniProtKB:P06727	Apolipoprotein A-IV		GO:0033344		BHF-UCL	NCBITaxon:9606	IDA		PANTHER:PTHR18976	protein		PMID:11162594	20080402
APOA4	UniProtKB:P06727	Apolipoprotein A-IV		GO:0033344		BHF-UCL	NCBITaxon:9606	IDA		PANTHER:PTHR18976	protein		PMID:1935934	20080107
APOA4	UniProtKB:P06727	Apolipoprotein A-IV		GO:0043691		BHF-UCL	NCBITaxon:9606	IDA		PANTHER:PTHR18976	protein		PMID:3095477	20080107
APOA4	UniProtKB:P06727	Apolipoprotein A-IV		GO:0043691		GO_Central	NCBITaxon:9606	IBA	PANTHER:PTN002709027|UniProtKB:P06727|UniProtKB:P02647	PANTHER:PTHR18976	protein		PMID:21873635	20170228
APOA4	UniProtKB:P06727	Apolipoprotein A-IV		GO:0033344		GO_Central	NCBITaxon:9606	IBA	PANTHER:PTN002709027|UniProtKB:P06727|MGI:MGI:88049|UniProtKB:P02647	PANTHER:PTHR18976	protein		PMID:21873635	20170228
APOA4	UniProtKB:P06727	Apolipoprotein A-IV		GO:0030300		GO_Central	NCBITaxon:9606	IBA	PANTHER:PTN000439035|MGI:MGI:88051|MGI:MGI:88049	PANTHER:PTHR18976	protein		PMID:21873635	20170228
RXRA	UniProtKB:P19793	Retinoic acid receptor RXR-alpha		GO:0010875		BHF-UCL	NCBITaxon:9606	TAS		PANTHER:PTHR24083	protein		PMID:23990020	20210326
NR1H3	UniProtKB:Q13133	Oxysterols receptor LXR-alpha		GO:0010875		BHF-UCL	NCBITaxon:9606	IDA		PANTHER:PTHR24082	protein		PMID:16141411	20091124
NR1H3	UniProtKB:Q13133	Oxysterols receptor LXR-alpha		GO:0010875		BHF-UCL	NCBITaxon:9606	IMP		PANTHER:PTHR24082	protein		PMID:17186944	20090424
NR1H3	UniProtKB:Q13133	Oxysterols receptor LXR-alpha		GO:0010875		UniProt	NCBITaxon:9606	IDA		PANTHER:PTHR24082	protein		PMID:19481530	20180320
NR1H3	UniProtKB:Q13133	Oxysterols receptor LXR-alpha		GO:0010875	"{""relationship"": {""relation"": [{""id"": ""BFO:0000066"", ""label"": ""occurs in""}], ""id"": ""CL:0000235"", ""label"": ""macrophage""}}"	BHF-UCL	NCBITaxon:9606	TAS		PANTHER:PTHR24082	protein		PMID:24603323	20210328
NR1H3	UniProtKB:Q13133	Oxysterols receptor LXR-alpha		GO:0032376		BHF-UCL	NCBITaxon:9606	IDA		PANTHER:PTHR24082	protein		PMID:16141411	20091124
NPC1	UniProtKB:O15118	NPC intracellular cholesterol transporter 1		GO:0030301		UniProt	NCBITaxon:9606	IDA		PANTHER:PTHR45727	protein		PMID:18772377	20120711
NPC1	UniProtKB:O15118	NPC intracellular cholesterol transporter 1		GO:0032367		UniProt	NCBITaxon:9606	IMP		PANTHER:PTHR45727	protein		PMID:27238017	20180611
NPC1	UniProtKB:O15118	NPC intracellular cholesterol transporter 1		GO:0032367		UniProt	NCBITaxon:9606	IMP		PANTHER:PTHR45727	protein		PMID:28784760	20180611
NPC1	UniProtKB:O15118	NPC intracellular cholesterol transporter 1		GO:0032367		UniProt	NCBITaxon:9606	IMP		PANTHER:PTHR45727	protein		PMID:9211849	20180611
NPC1	UniProtKB:O15118	NPC intracellular cholesterol transporter 1		GO:0033344		BHF-UCL	NCBITaxon:9606	IDA		PANTHER:PTHR45727	protein		PMID:16141411	20091124
APOB	UniProtKB:P04114	Apolipoprotein B-100		GO:0030301		BHF-UCL	NCBITaxon:9606	IMP		PANTHER:PTHR13769	protein		PMID:2563166	20080423
APOB	UniProtKB:P04114	Apolipoprotein B-100		GO:0033344		Ensembl	NCBITaxon:9606	IEA	UniProtKB:E9Q414|ensembl:ENSMUSP00000036044	PANTHER:PTHR13769	protein		GO_REF:0000107	20210612
APOB	UniProtKB:P04114	Apolipoprotein B-100		GO:0030301		GO_Central	NCBITaxon:9606	IBA	PANTHER:PTN002673834|MGI:MGI:88052|UniProtKB:P04114	PANTHER:PTHR13769	protein		PMID:21873635	20200506
RELCH	UniProtKB:Q9P260	RAB11-binding protein RELCH		GO:0032367		UniProt	NCBITaxon:9606	IDA		PANTHER:PTHR32059	protein		PMID:29514919	20180524
ARL8B	UniProtKB:Q9NVJ2	ADP-ribosylation factor-like protein 8B		GO:0090117		UniProt	NCBITaxon:9606	IMP		PANTHER:PTHR45732	protein		PMID:21802320	20210120
APOC3	UniProtKB:P02656	Apolipoprotein C-III		GO:0033344		BHF-UCL	NCBITaxon:9606	IDA		PANTHER:PTHR14225	protein		PMID:11162594	20080402
APOC3	UniProtKB:P02656	Apolipoprotein C-III		GO:0033344		BHF-UCL	NCBITaxon:9606	IDA		PANTHER:PTHR14225	protein		PMID:16443932	20080103
APOC3	UniProtKB:P02656	Apolipoprotein C-III		GO:0043691		BHF-UCL	NCBITaxon:9606	IC	GO:0034375	PANTHER:PTHR14225	protein		PMID:17438339	20150211
APOC3	UniProtKB:P02656	Apolipoprotein C-III		GO:0060621		BHF-UCL	NCBITaxon:9606	IMP		PANTHER:PTHR14225	protein		PMID:15778093	20090629
APOC2	UniProtKB:P02655	Apolipoprotein C-II		GO:0032375		BHF-UCL	NCBITaxon:9606	IMP		PANTHER:PTHR16566	protein		PMID:15778093	20090515
APOC2	UniProtKB:P02655	Apolipoprotein C-II		GO:0033344		BHF-UCL	NCBITaxon:9606	IDA		PANTHER:PTHR16566	protein		PMID:11162594	20080402
APOC2	UniProtKB:P02655	Apolipoprotein C-II		GO:0043691		BHF-UCL	NCBITaxon:9606	IC	GO:0034384	PANTHER:PTHR16566	protein		PMID:15778093	20090515
APOC1	UniProtKB:P02654	Apolipoprotein C-I		GO:0032374		BHF-UCL	NCBITaxon:9606	IC	GO:0034447	PANTHER:PTHR16565	protein		PMID:15576844	20090205
APOC1	UniProtKB:P02654	Apolipoprotein C-I		GO:0032375		BHF-UCL	NCBITaxon:9606	IDA		PANTHER:PTHR16565	protein		PMID:10978346	20090206
APOC1	UniProtKB:P02654	Apolipoprotein C-I		GO:0033344		BHF-UCL	NCBITaxon:9606	IDA		PANTHER:PTHR16565	protein		PMID:11162594	20080402
APOC1	UniProtKB:P02654	Apolipoprotein C-I		GO:0032375		GO_Central	NCBITaxon:9606	IBA	PANTHER:PTN002703241|UniProtKB:P02654	PANTHER:PTHR16565	protein		PMID:21873635	20200326
APOA2	UniProtKB:P02652	Apolipoprotein A-II		GO:0030300		Ensembl	NCBITaxon:9606	IEA	UniProtKB:P09813|ensembl:ENSMUSP00000106953	PANTHER:PTHR11027	protein		GO_REF:0000107	20210612
APOA2	UniProtKB:P02652	Apolipoprotein A-II		GO:0032375		BHF-UCL	NCBITaxon:9606	IMP		PANTHER:PTHR11027	protein		PMID:8636092	20090205
APOA2	UniProtKB:P02652	Apolipoprotein A-II		GO:0033344		BHF-UCL	NCBITaxon:9606	IDA		PANTHER:PTHR11027	protein		PMID:11162594	20080402
APOA2	UniProtKB:P02652	Apolipoprotein A-II		GO:0043691		BHF-UCL	NCBITaxon:9606	IDA		PANTHER:PTHR11027	protein		PMID:14967812	20080104
APOA2	UniProtKB:P02652	Apolipoprotein A-II		GO:0060621		BHF-UCL	NCBITaxon:9606	IDA		PANTHER:PTHR11027	protein		PMID:10764676	20090629
APOA2	UniProtKB:P02652	Apolipoprotein A-II		GO:0030301		GO_Central	NCBITaxon:9606	IBA	PANTHER:PTN000111938|UniProtKB:P02652|RGD:2131	PANTHER:PTHR11027	protein		PMID:21873635	20170228
APOE	UniProtKB:P02649	Apolipoprotein E		GO:0010875	"{""relationship"": {""relation"": [{""id"": ""BFO:0000066"", ""label"": ""occurs in""}], ""id"": ""CL:0000127"", ""label"": ""astrocyte""}}"	Alzheimers_University_of_Toronto	NCBITaxon:9606	IDA		PANTHER:PTHR18976	protein		PMID:12042316	20140417
APOE	UniProtKB:P02649	Apolipoprotein E		GO:0010875		BHF-UCL	NCBITaxon:9606	IGI	UniProtKB:P08226	PANTHER:PTHR18976	protein		PMID:12401887	20090511
APOE	UniProtKB:P02649	Apolipoprotein E		GO:0010875		BHF-UCL	NCBITaxon:9606	IDA		PANTHER:PTHR18976	protein		PMID:14754908	20090511
APOE	UniProtKB:P02649	Apolipoprotein E		GO:0033344		BHF-UCL	NCBITaxon:9606	IDA		PANTHER:PTHR18976	protein		PMID:11162594	20080402
APOE	UniProtKB:P02649	Apolipoprotein E		GO:0033344		BHF-UCL	NCBITaxon:9606	IDA		PANTHER:PTHR18976	protein		PMID:16443932	20080103
APOE	UniProtKB:P02649	Apolipoprotein E		GO:0033344		UniProt	NCBITaxon:9606	IDA		PANTHER:PTHR18976	protein		PMID:23620513	20181024
APOE	UniProtKB:P02649	Apolipoprotein E		GO:0043691		BHF-UCL	NCBITaxon:9606	IDA		PANTHER:PTHR18976	protein		PMID:8127890	20080212
APOA1	UniProtKB:P02647	Apolipoprotein A-I		GO:0030301		MGI	NCBITaxon:9606	IDA		PANTHER:PTHR18976	protein		PMID:10559507	20070824
APOA1	UniProtKB:P02647	Apolipoprotein A-I		GO:0010875		UniProt	NCBITaxon:9606	IDA		PANTHER:PTHR18976	protein		PMID:27472885	20181120
APOA1	UniProtKB:P02647	Apolipoprotein A-I		GO:0033344		BHF-UCL	NCBITaxon:9606	IDA		PANTHER:PTHR18976	protein		PMID:11162594	20080402
APOA1	UniProtKB:P02647	Apolipoprotein A-I		GO:0033344	"{""relationship"": {""relation"": [{""id"": ""BFO:0000066"", ""label"": ""occurs in""}], ""id"": ""UBERON:0000201"", ""label"": ""endothelial blood brain barrier""}}"	AgBase	NCBITaxon:9606	IMP		PANTHER:PTHR18976	protein		PMID:12202492	20150109
APOA1	UniProtKB:P02647	Apolipoprotein A-I		GO:0033344		BHF-UCL	NCBITaxon:9606	IDA		PANTHER:PTHR18976	protein		PMID:14703508	20071114
APOA1	UniProtKB:P02647	Apolipoprotein A-I		GO:0033344		BHF-UCL	NCBITaxon:9606	IDA		PANTHER:PTHR18976	protein		PMID:15358760	20200213
APOA1	UniProtKB:P02647	Apolipoprotein A-I		GO:0033344		BHF-UCL	NCBITaxon:9606	IDA		PANTHER:PTHR18976	protein		PMID:16443932	20080103
APOA1	UniProtKB:P02647	Apolipoprotein A-I		GO:0033344	"{""relationship"": {""relation"": [{""id"": ""BFO:0000066"", ""label"": ""occurs in""}], ""id"": ""CL:0002476"", ""label"": ""bone marrow macrophage""}}"	BHF-UCL	NCBITaxon:9606	IDA		PANTHER:PTHR18976	protein		PMID:21481393	20150422
APOA1	UniProtKB:P02647	Apolipoprotein A-I		GO:0043691		BHF-UCL	NCBITaxon:9606	IMP		PANTHER:PTHR18976	protein		PMID:15464323	20080103
APOA1	UniProtKB:P02647	Apolipoprotein A-I		GO:0070508		BHF-UCL	NCBITaxon:9606	IMP		PANTHER:PTHR18976	protein		PMID:14718538	20090424
APOA1	UniProtKB:P02647	Apolipoprotein A-I		GO:0030300		GO_Central	NCBITaxon:9606	IBA	PANTHER:PTN000439035|MGI:MGI:88051|MGI:MGI:88049	PANTHER:PTHR18976	protein		PMID:21873635	20170228
APOA1	UniProtKB:P02647	Apolipoprotein A-I		GO:0033344		GO_Central	NCBITaxon:9606	IBA	PANTHER:PTN002709027|UniProtKB:P06727|MGI:MGI:88049|UniProtKB:P02647	PANTHER:PTHR18976	protein		PMID:21873635	20170228
APOA1	UniProtKB:P02647	Apolipoprotein A-I		GO:0043691		GO_Central	NCBITaxon:9606	IBA	PANTHER:PTN002709027|UniProtKB:P06727|UniProtKB:P02647	PANTHER:PTHR18976	protein		PMID:21873635	20170228
LDLRAP1	UniProtKB:Q5SW96	Low density lipoprotein receptor adapter protein 1		GO:0030301		UniProt	NCBITaxon:9606	NAS		PANTHER:PTHR11232	protein		PMID:12451172	20171031
LDLRAP1	UniProtKB:Q5SW96	Low density lipoprotein receptor adapter protein 1		GO:0090118	"{""relationship"": {""relation"": [{""id"": ""RO:0002313"", ""label"": ""transports or maintains localization of""}], ""id"": ""GO:0034362"", ""label"": ""low-density lipoprotein particle""}}|{""relationship"": {""relation"": [{""id"": ""BFO:0000050"", ""label"": ""part of""}], ""id"": ""GO:0034383"", ""label"": ""low-density lipoprotein particle clearance""}}"	BHF-UCL	NCBITaxon:9606	IMP		PANTHER:PTHR11232	protein		PMID:12417523	20161101
LDLRAP1	UniProtKB:Q5SW96	Low density lipoprotein receptor adapter protein 1		GO:0090118	"{""relationship"": {""relation"": [{""id"": ""RO:0002313"", ""label"": ""transports or maintains localization of""}], ""id"": ""GO:0034362"", ""label"": ""low-density lipoprotein particle""}}|{""relationship"": {""relation"": [{""id"": ""BFO:0000050"", ""label"": ""part of""}], ""id"": ""GO:0034383"", ""label"": ""low-density lipoprotein particle clearance""}}"	BHF-UCL	NCBITaxon:9606	IMP		PANTHER:PTHR11232	protein		PMID:12464675	20161101
LDLRAP1	UniProtKB:Q5SW96	Low density lipoprotein receptor adapter protein 1		GO:0090118	"{""relationship"": {""relation"": [{""id"": ""RO:0002313"", ""label"": ""transports or maintains localization of""}], ""id"": ""GO:0034362"", ""label"": ""low-density lipoprotein particle""}}|{""relationship"": {""relation"": [{""id"": ""BFO:0000050"", ""label"": ""part of""}], ""id"": ""GO:0034383"", ""label"": ""low-density lipoprotein particle clearance""}}"	BHF-UCL	NCBITaxon:9606	IMP		PANTHER:PTHR11232	protein		PMID:15166224	20161101
LDLRAP1	UniProtKB:Q5SW96	Low density lipoprotein receptor adapter protein 1		GO:1905602	"{""relationship"": {""relation"": [{""id"": ""BFO:0000050"", ""label"": ""part of""}], ""id"": ""GO:0034383"", ""label"": ""low-density lipoprotein particle clearance""}}|{""relationship"": {""relation"": [{""id"": ""RO:0002011"", ""label"": ""regulates transport of""}], ""id"": ""GO:0034362"", ""label"": ""low-density lipoprotein particle""}}"	BHF-UCL	NCBITaxon:9606	IMP		PANTHER:PTHR11232	protein		PMID:12417523	20161102
LDLRAP1	UniProtKB:Q5SW96	Low density lipoprotein receptor adapter protein 1		GO:1905602	"{""relationship"": {""relation"": [{""id"": ""BFO:0000050"", ""label"": ""part of""}], ""id"": ""GO:0034383"", ""label"": ""low-density lipoprotein particle clearance""}}|{""relationship"": {""relation"": [{""id"": ""RO:0002011"", ""label"": ""regulates transport of""}], ""id"": ""GO:0034362"", ""label"": ""low-density lipoprotein particle""}}"	BHF-UCL	NCBITaxon:9606	IMP		PANTHER:PTHR11232	protein		PMID:12464675	20161102
LDLRAP1	UniProtKB:Q5SW96	Low density lipoprotein receptor adapter protein 1		GO:1905602	"{""relationship"": {""relation"": [{""id"": ""BFO:0000050"", ""label"": ""part of""}], ""id"": ""GO:0034383"", ""label"": ""low-density lipoprotein particle clearance""}}|{""relationship"": {""relation"": [{""id"": ""RO:0002011"", ""label"": ""regulates transport of""}], ""id"": ""GO:0034362"", ""label"": ""low-density lipoprotein particle""}}"	BHF-UCL	NCBITaxon:9606	IMP		PANTHER:PTHR11232	protein		PMID:15166224	20161102
NFKB1	UniProtKB:P19838	Nuclear factor NF-kappa-B p105 subunit		GO:0032375		BHF-UCL	NCBITaxon:9606	IC	GO:0005634	PANTHER:PTHR24169	protein		PMID:16938301	20090125
CEL	UniProtKB:P19835	Bile salt-activated lipase		GO:0030299		UniProt	NCBITaxon:9606	NAS		PANTHER:PTHR43903	protein		PMID:12031288	20040408
GPS2	UniProtKB:Q13227	G protein pathway suppressor 2		GO:0010875		UniProt	NCBITaxon:9606	IDA		PANTHER:PTHR22654	protein		PMID:19481530	20180320
LEP	UniProtKB:P41159	Leptin		GO:0030300		Ensembl	NCBITaxon:9606	IEA	UniProtKB:P41160|ensembl:ENSMUSP00000067046	PANTHER:PTHR11724	protein		GO_REF:0000107	20210612
SCP2	UniProtKB:P22307	Sterol carrier protein 2		GO:0032385		UniProt	NCBITaxon:9606	IDA		PANTHER:PTHR24314	protein		PMID:15449949	20120927
SCP2	UniProtKB:P22307	Sterol carrier protein 2		GO:0032385		GO_Central	NCBITaxon:9606	IBA	PANTHER:PTN001211927|UniProtKB:P22307	PANTHER:PTHR24314	protein		PMID:21873635	20170228
CLU	UniProtKB:P10909	Clusterin		GO:0043691		BHF-UCL	NCBITaxon:9606	TAS		PANTHER:PTHR10970	protein		PMID:16682745	20090507
LAMTOR1	UniProtKB:Q6IAA8	Ragulator complex protein LAMTOR1		GO:0010874		UniProt	NCBITaxon:9606	IMP		PANTHER:PTHR13401	protein		PMID:20544018	20101021
LAMTOR1	UniProtKB:Q6IAA8	Ragulator complex protein LAMTOR1		GO:0060620		UniProt	NCBITaxon:9606	IMP		PANTHER:PTHR13401	protein		PMID:20544018	20101021
ABCG5	UniProtKB:Q9H222	ATP-binding cassette sub-family G member 5		GO:0030299		BHF-UCL	NCBITaxon:9606	IC	GO:0120020	PANTHER:PTHR48041	protein		PMID:12208868	20090420
ABCG5	UniProtKB:Q9H222	ATP-binding cassette sub-family G member 5		GO:0033344		BHF-UCL	NCBITaxon:9606	IGI	UniProtKB:Q99PE8	PANTHER:PTHR48041	protein		PMID:14504269	20090420
ABCG5	UniProtKB:Q9H222	ATP-binding cassette sub-family G member 5		GO:0033344		UniProt	NCBITaxon:9606	IMP		PANTHER:PTHR48041	protein		PMID:27144356	20171031
ABCG5	UniProtKB:Q9H222	ATP-binding cassette sub-family G member 5		GO:0045796		BHF-UCL	NCBITaxon:9606	IMP		PANTHER:PTHR48041	protein		PMID:11099417	20090420
ABCG8	UniProtKB:Q9H221	ATP-binding cassette sub-family G member 8		GO:0030299		BHF-UCL	NCBITaxon:9606	IC	GO:0120020	PANTHER:PTHR48041	protein		PMID:12208868	20090420
ABCG8	UniProtKB:Q9H221	ATP-binding cassette sub-family G member 8		GO:0033344		BHF-UCL	NCBITaxon:9606	IGI	UniProtKB:Q9DBM0	PANTHER:PTHR48041	protein		PMID:14504269	20090420
ABCG8	UniProtKB:Q9H221	ATP-binding cassette sub-family G member 8		GO:0033344		UniProt	NCBITaxon:9606	IMP		PANTHER:PTHR48041	protein		PMID:27144356	20171031
ABCG8	UniProtKB:Q9H221	ATP-binding cassette sub-family G member 8		GO:0033344		UniProt	NCBITaxon:9606	IMP	UniProtKB:Q9H222	PANTHER:PTHR48041	protein		PMID:27144356	20171026
ABCG8	UniProtKB:Q9H221	ATP-binding cassette sub-family G member 8		GO:0045796		BHF-UCL	NCBITaxon:9606	IMP		PANTHER:PTHR48041	protein		PMID:11099417	20090420
OSBPL2	UniProtKB:Q9H1P3	Oxysterol-binding protein-related protein 2		GO:0030301	"{""relationship"": {""relation"": [{""id"": ""RO:0002232"", ""label"": ""has end location""}], ""id"": ""GO:0005886"", ""label"": ""plasma membrane""}}"	ARUK-UCL	NCBITaxon:9606	IMP		PANTHER:PTHR10972	protein		PMID:30581148	20190524
OSBPL2	UniProtKB:Q9H1P3	Oxysterol-binding protein-related protein 2		GO:0032367		UniProt	NCBITaxon:9606	IMP		PANTHER:PTHR10972	protein		PMID:30581148	20190214
ANXA2	UniProtKB:P07355	Annexin A2		GO:1905602	"{""relationship"": {""relation"": [{""id"": ""BFO:0000050"", ""label"": ""part of""}], ""id"": ""GO:0032385"", ""label"": ""positive regulation of intracellular cholesterol transport""}}|{""relationship"": {""relation"": [{""id"": ""RO:0002233"", ""label"": ""has input""}], ""id"": ""GO:0034362"", ""label"": ""low-density lipoprotein particle""}}|{""relationship"": {""relation"": [{""id"": ""BFO:0000050"", ""label"": ""part of""}], ""id"": ""GO:1905581"", ""label"": ""positive regulation of low-density lipoprotein particle clearance""}}|{""relationship"": {""relation"": [{""id"": ""BFO:0000050"", ""label"": ""part of""}], ""id"": ""GO:1905599"", ""label"": ""positive regulation of low-density lipoprotein receptor activity""}}|{""relationship"": {""relation"": [{""id"": ""BFO:0000050"", ""label"": ""part of""}], ""id"": ""GO:1905597"", ""label"": ""positive regulation of low-density lipoprotein particle receptor binding""}}|{""relationship"": {""relation"": [{""id"": ""BFO:0000050"", ""label"": ""part of""}], ""id"": ""GO:0001921"", ""label"": ""positive regulation of receptor recycling""}}"	BHF-UCL	NCBITaxon:9606	IDA		PANTHER:PTHR10502	protein		PMID:22848640	20161031
SERAC1	UniProtKB:Q96JX3	Protein SERAC1		GO:0032367		UniProt	NCBITaxon:9606	IMP			protein		PMID:22683713	20171114
SOAT2	UniProtKB:O75908	Sterol O-acyltransferase 2		GO:0030299		BHF-UCL	NCBITaxon:9606	IC	GO:0005903	PANTHER:PTHR10408	protein		PMID:14615411	20090209
SOAT2	UniProtKB:O75908	Sterol O-acyltransferase 2		GO:0033344		BHF-UCL	NCBITaxon:9606	IMP		PANTHER:PTHR10408	protein		PMID:15308631	20090209
SOAT2	UniProtKB:O75908	Sterol O-acyltransferase 2		GO:0033344		GO_Central	NCBITaxon:9606	IBA	PANTHER:PTN000045308|UniProtKB:O75908|UniProtKB:P35610	PANTHER:PTHR10408	protein		PMID:21873635	20180916
CYP8B1	UniProtKB:Q9UNU6	7-alpha-hydroxycholest-4-en-3-one 12-alpha-hydroxylase		GO:0045797		UniProt	NCBITaxon:9606	ISS	UniProtKB:O88962	PANTHER:PTHR24306	protein		GO_REF:0000024	20200918
SYT7	UniProtKB:O43581	Synaptotagmin-7		GO:0090119		UniProt	NCBITaxon:9606	ISS	UniProtKB:Q9R0N7	PANTHER:PTHR10024	protein		GO_REF:0000024	20160304
OSBPL5	UniProtKB:Q9H0X9	Oxysterol-binding protein-related protein 5		GO:0030301		UniProt	NCBITaxon:9606	NAS		PANTHER:PTHR10972	protein		PMID:10588946	20021018
ABCG4	UniProtKB:Q9H172	ATP-binding cassette sub-family G member 4		GO:0033344		BHF-UCL	NCBITaxon:9606	TAS		PANTHER:PTHR48041	protein		PMID:16682745	20090507
ABCG4	UniProtKB:Q9H172	ATP-binding cassette sub-family G member 4		GO:0033344		UniProt	NCBITaxon:9606	IMP		PANTHER:PTHR48041	protein		PMID:33141061	20210330
ABCG4	UniProtKB:Q9H172	ATP-binding cassette sub-family G member 4		GO:0033344		GO_Central	NCBITaxon:9606	IBA	PANTHER:PTN001059392|MGI:MGI:107704|UniProtKB:Q9H172|UniProtKB:P45844	PANTHER:PTHR48041	protein		PMID:21873635	20210601
STAR	UniProtKB:P49675	"Steroidogenic acute regulatory protein, mitochondrial"		GO:0032367		GO_Central	NCBITaxon:9606	IBA	PANTHER:PTN002925565|RGD:3770	PANTHER:PTHR46489	protein		PMID:21873635	20180816
LRP6	UniProtKB:O75581	Low-density lipoprotein receptor-related protein 6		GO:0090118		GO_Central	NCBITaxon:9606	IBA	PANTHER:PTN004684666|MGI:MGI:1298218	PANTHER:PTHR24270	protein		PMID:21873635	20210623
ARV1	UniProtKB:Q9H2C2	Protein ARV1		GO:0030301		Ensembl	NCBITaxon:9606	IEA	UniProtKB:Q9D0U9|ensembl:ENSMUSP00000034463	PANTHER:PTHR14467	protein		GO_REF:0000107	20210612
ARV1	UniProtKB:Q9H2C2	Protein ARV1		GO:0032383		UniProt	NCBITaxon:9606	IMP		PANTHER:PTHR14467	protein		PMID:20663892	20161109
LIPC	UniProtKB:P11150	Hepatic triacylglycerol lipase		GO:0043691		BHF-UCL	NCBITaxon:9606	IC	GO:0019433	PANTHER:PTHR11610	protein		PMID:14531818	20090508
NUS1	UniProtKB:Q96E22	Dehydrodolichyl diphosphate synthase complex subunit NUS1		GO:0032383		MGI	NCBITaxon:9606	IGI	UniProtKB:P61916	PANTHER:PTHR21528	protein		PMID:19723497	20150416
STARD4	UniProtKB:Q96DR4	StAR-related lipid transfer protein 4		GO:0010879		BHF-UCL	NCBITaxon:9606	IDA		PANTHER:PTHR47006	protein		PMID:18403318	20160718
STARD4	UniProtKB:Q96DR4	StAR-related lipid transfer protein 4		GO:0032367		BHF-UCL	NCBITaxon:9606	IDA		PANTHER:PTHR47006	protein		PMID:18403318	20160718
STARD4	UniProtKB:Q96DR4	StAR-related lipid transfer protein 4		GO:0070508		BHF-UCL	NCBITaxon:9606	IDA		PANTHER:PTHR47006	protein		PMID:18403318	20160718
STARD4	UniProtKB:Q96DR4	StAR-related lipid transfer protein 4		GO:0032367		GO_Central	NCBITaxon:9606	IBA	PANTHER:PTN002931313|UniProtKB:Q96DR4	PANTHER:PTHR47006	protein		PMID:21873635	20200217
STARD4	UniProtKB:Q96DR4	StAR-related lipid transfer protein 4		GO:0010879		GO_Central	NCBITaxon:9606	IBA	PANTHER:PTN002931313|UniProtKB:Q96DR4	PANTHER:PTHR47006	protein		PMID:21873635	20200217
STARD4	UniProtKB:Q96DR4	StAR-related lipid transfer protein 4		GO:0070508		GO_Central	NCBITaxon:9606	IBA	PANTHER:PTN002931313|UniProtKB:Q96DR4	PANTHER:PTHR47006	protein		PMID:21873635	20200217
OSBP	UniProtKB:P22059	Oxysterol-binding protein 1		GO:0032367		UniProt	NCBITaxon:9606	IMP		PANTHER:PTHR10972	protein		PMID:29514919	20180607
TPCN2	UniProtKB:Q8NHX9	Two pore calcium channel protein 2		GO:0090117		UniProt	NCBITaxon:9606	ISS	UniProtKB:Q8BWC0	PANTHER:PTHR46768	protein		GO_REF:0000024	20210517
STARD3	UniProtKB:Q14849	StAR-related lipid transfer protein 3		GO:0030301		UniProt	NCBITaxon:9606	IDA		PANTHER:PTHR46121	protein		PMID:28377464	20170530
NPC1L1	UniProtKB:Q9UHC9	NPC1-like intracellular cholesterol transporter 1		GO:0030299		HGNC-UCL	NCBITaxon:9606	IMP		PANTHER:PTHR45727	protein		PMID:17140581	20070108
NPC1L1	UniProtKB:Q9UHC9	NPC1-like intracellular cholesterol transporter 1		GO:0030301		HGNC-UCL	NCBITaxon:9606	IMP		PANTHER:PTHR45727	protein		PMID:17140581	20070108
LIMA1	UniProtKB:Q9UHB6	LIM domain and actin-binding protein 1		GO:0030299		UniProt	NCBITaxon:9606	ISS	UniProtKB:Q9ERG0	PANTHER:PTHR24206	protein		GO_REF:0000024	20180706
TTC39B	UniProtKB:Q5VTQ0	Tetratricopeptide repeat protein 39B		GO:0010874		UniProt	NCBITaxon:9606	ISS	UniProtKB:Q8BYY4	PANTHER:PTHR31859	protein		GO_REF:0000024	20180830
TTC39B	UniProtKB:Q5VTQ0	Tetratricopeptide repeat protein 39B		GO:0010874		GO_Central	NCBITaxon:9606	IBA	PANTHER:PTN001275282|MGI:MGI:1917113	PANTHER:PTHR31859	protein		PMID:21873635	20190502
PON1	UniProtKB:P27169	Serum paraoxonase/arylesterase 1		GO:0010875		BHF-UCL	NCBITaxon:9606	IDA		PANTHER:PTHR11799	protein		PMID:15721011	20090507
ABCA1	UniProtKB:O95477	Phospholipid-transporting ATPase ABCA1		GO:0010875		Ensembl	NCBITaxon:9606	IEA	UniProtKB:P41233|ensembl:ENSMUSP00000030010	PANTHER:PTHR19229	protein		GO_REF:0000107	20210612
ABCA1	UniProtKB:O95477	Phospholipid-transporting ATPase ABCA1		GO:0032367		BHF-UCL	NCBITaxon:9606	IMP		PANTHER:PTHR19229	protein		PMID:10431236	20071114
ABCA1	UniProtKB:O95477	Phospholipid-transporting ATPase ABCA1		GO:0033344		BHF-UCL	NCBITaxon:9606	IDA		PANTHER:PTHR19229	protein		PMID:10431236	20071114
ABCA1	UniProtKB:O95477	Phospholipid-transporting ATPase ABCA1		GO:0033344		BHF-UCL	NCBITaxon:9606	IDA		PANTHER:PTHR19229	protein		PMID:11162594	20080402
ABCA1	UniProtKB:O95477	Phospholipid-transporting ATPase ABCA1		GO:0033344		BHF-UCL	NCBITaxon:9606	IMP		PANTHER:PTHR19229	protein		PMID:16443932	20080103
ABCA1	UniProtKB:O95477	Phospholipid-transporting ATPase ABCA1		GO:0033344		ARUK-UCL	NCBITaxon:9606	IDA		PANTHER:PTHR19229	protein		PMID:16702602	20191008
ABCA1	UniProtKB:O95477	Phospholipid-transporting ATPase ABCA1		GO:0033344		UniProt	NCBITaxon:9606	IMP		PANTHER:PTHR19229	protein		PMID:19556522	20200423
ABCA1	UniProtKB:O95477	Phospholipid-transporting ATPase ABCA1		GO:0033344	"{""relationship"": {""relation"": [{""id"": ""RO:0002233"", ""label"": ""has input""}], ""id"": ""UniProtKB:P41233"", ""label"": ""UniProtKB:P41233""}}"	BHF-UCL	NCBITaxon:9606	IDA		PANTHER:PTHR19229	protein		PMID:23931754	20140528
ABCA1	UniProtKB:O95477	Phospholipid-transporting ATPase ABCA1		GO:0033344	"{""relationship"": {""relation"": [{""id"": ""BFO:0000066"", ""label"": ""occurs in""}], ""id"": ""CL:0000517"", ""label"": ""macrophage derived foam cell""}}"	BHF-UCL	NCBITaxon:9606	IMP		PANTHER:PTHR19229	protein		PMID:25084135	20210303
ABCA1	UniProtKB:O95477	Phospholipid-transporting ATPase ABCA1		GO:0033344	"{""relationship"": {""relation"": [{""id"": ""RO:0002338"", ""label"": ""has target start location""}], ""id"": ""GO:0009898"", ""label"": ""cytoplasmic side of plasma membrane""}}|{""relationship"": {""relation"": [{""id"": ""RO:0002339"", ""label"": ""has target end location""}], ""id"": ""GO:0009897"", ""label"": ""external side of plasma membrane""}}"	ARUK-UCL	NCBITaxon:9606	IGI	UniProtKB:P02647|UniProtKB:P02649	PANTHER:PTHR19229	protein		PMID:28373057	20200914
ABCA1	UniProtKB:O95477	Phospholipid-transporting ATPase ABCA1		GO:0043691		BHF-UCL	NCBITaxon:9606	IMP		PANTHER:PTHR19229	protein		PMID:10431236	20071114
NFKBIA	UniProtKB:P25963	NF-kappa-B inhibitor alpha		GO:0010875		BHF-UCL	NCBITaxon:9606	IMP		PANTHER:PTHR46680	protein		PMID:16938301	20090424
APOM	UniProtKB:O95445	Apolipoprotein M		GO:0033344		BHF-UCL	NCBITaxon:9606	IMP		PANTHER:PTHR32028	protein		PMID:15793583	20090507
APOM	UniProtKB:O95445	Apolipoprotein M		GO:0033344		BHF-UCL	NCBITaxon:9606	IDA		PANTHER:PTHR32028	protein		PMID:16682745	20090507
APOM	UniProtKB:O95445	Apolipoprotein M		GO:0043691		BHF-UCL	NCBITaxon:9606	ISS	UniProtKB:Q9Z1R3	PANTHER:PTHR32028	protein		PMID:15793583	20090512
APOM	UniProtKB:O95445	Apolipoprotein M		GO:0033344		GO_Central	NCBITaxon:9606	IBA	PANTHER:PTN002842729|UniProtKB:O95445|MGI:MGI:1930124	PANTHER:PTHR32028	protein		PMID:21873635	20190213
NAXE	UniProtKB:Q8NCW5	NAD(P)H-hydrate epimerase		GO:0010874		UniProt	NCBITaxon:9606	IMP	ZFIN:ZDB-MRPHLNO-130813-3	PANTHER:PTHR13232	protein		PMID:23719382	20200416
AKR1C1	UniProtKB:Q04828	Aldo-keto reductase family 1 member C1		GO:0030299		UniProt	NCBITaxon:9606	TAS		PANTHER:PTHR11732	protein		PMID:8486699	20060428
VPS4B	UniProtKB:O75351	Vacuolar protein sorting-associated protein 4B		GO:0030301		Ensembl	NCBITaxon:9606	IEA	UniProtKB:P46467|ensembl:ENSMUSP00000092230	PANTHER:PTHR23074	protein		GO_REF:0000107	20210612
SCP2D1	UniProtKB:Q9UJQ7	SCP2 sterol-binding domain-containing protein 1		GO:0032385		GO_Central	NCBITaxon:9606	IBA	PANTHER:PTN001211927|UniProtKB:P22307	PANTHER:PTHR24314	protein		PMID:21873635	20170228
URS000075B7E4_9606	RNAcentral:URS000075B7E4_9606	Homo sapiens (human) hsa-miR-613		GO:0090370	"{""relationship"": {""relation"": [{""id"": ""BFO:0000066"", ""label"": ""occurs in""}], ""id"": ""CL:0000235"", ""label"": ""macrophage""}}"	BHF-UCL	NCBITaxon:9606	IMP			miRNA		PMID:24751522	20210328
PTCH1	UniProtKB:Q13635	Protein patched homolog 1		GO:0010875		BHF-UCL	NCBITaxon:9606	IDA		PANTHER:PTHR46022	protein		PMID:21931618	20111127
STARD5	UniProtKB:Q9NSY2	StAR-related lipid transfer protein 5		GO:0070508		BHF-UCL	NCBITaxon:9606	IDA		PANTHER:PTHR46374	protein		PMID:18403318	20160718
PNLIP	UniProtKB:P16233	Pancreatic triacylglycerol lipase		GO:0030299		Ensembl	NCBITaxon:9606	IEA	UniProtKB:Q6P8U6|ensembl:ENSMUSP00000056377	PANTHER:PTHR11610	protein		GO_REF:0000107	20210612
SREBF2	UniProtKB:Q12772	Sterol regulatory element-binding protein 2		GO:0090370		BHF-UCL	NCBITaxon:9606	IDA		PANTHER:PTHR46062	protein		PMID:15358760	20200213
LRP1	UniProtKB:Q07954	Prolow-density lipoprotein receptor-related protein 1		GO:0010875		BHF-UCL	NCBITaxon:9606	ISS	UniProtKB:Q91ZX7	PANTHER:PTHR24270	protein		GO_REF:0000024	20100202
LRP1	UniProtKB:Q07954	Prolow-density lipoprotein receptor-related protein 1		GO:0032374		BHF-UCL	NCBITaxon:9606	ISS	UniProtKB:Q91ZX7	PANTHER:PTHR24270	protein		GO_REF:0000024	20100202
LRP1	UniProtKB:Q07954	Prolow-density lipoprotein receptor-related protein 1		GO:1904109		Ensembl	NCBITaxon:9606	IEA	UniProtKB:G3V928|ensembl:ENSRNOP00000034210	PANTHER:PTHR24270	protein		GO_REF:0000107	20210612
LPCAT3	UniProtKB:Q6P1A2	Lysophospholipid acyltransferase 5		GO:0045797		UniProt	NCBITaxon:9606	ISS	UniProtKB:Q91V01	PANTHER:PTHR13906	protein		GO_REF:0000024	20200519
SOAT1	UniProtKB:P35610	Sterol O-acyltransferase 1		GO:0033344		BHF-UCL	NCBITaxon:9606	IMP		PANTHER:PTHR10408	protein		PMID:15308631	20090209
SOAT1	UniProtKB:P35610	Sterol O-acyltransferase 1		GO:0033344		GO_Central	NCBITaxon:9606	IBA	PANTHER:PTN000045308|UniProtKB:O75908|UniProtKB:P35610	PANTHER:PTHR10408	protein		PMID:21873635	20180916
ABCG1	UniProtKB:P45844	ATP-binding cassette sub-family G member 1		GO:0010875		Ensembl	NCBITaxon:9606	IEA	UniProtKB:Q64343|ensembl:ENSMUSP00000024829	PANTHER:PTHR48041	protein		GO_REF:0000107	20210612
ABCG1	UniProtKB:P45844	ATP-binding cassette sub-family G member 1		GO:0032367		BHF-UCL	NCBITaxon:9606	IMP		PANTHER:PTHR48041	protein		PMID:15994327	20071205
ABCG1	UniProtKB:P45844	ATP-binding cassette sub-family G member 1		GO:0033344		BHF-UCL	NCBITaxon:9606	IDA		PANTHER:PTHR48041	protein		PMID:15994327	20071205
ABCG1	UniProtKB:P45844	ATP-binding cassette sub-family G member 1		GO:0033344		UniProt	NCBITaxon:9606	IMP		PANTHER:PTHR48041	protein		PMID:16702602	20190520
ABCG1	UniProtKB:P45844	ATP-binding cassette sub-family G member 1		GO:0033344		UniProt	NCBITaxon:9606	IMP		PANTHER:PTHR48041	protein		PMID:24576892	20190520
ABCG1	UniProtKB:P45844	ATP-binding cassette sub-family G member 1		GO:0043691		BHF-UCL	NCBITaxon:9606	ISS	UniProtKB:Q64343	PANTHER:PTHR48041	protein		GO_REF:0000024	20071210
ABCG1	UniProtKB:P45844	ATP-binding cassette sub-family G member 1		GO:0033344		GO_Central	NCBITaxon:9606	IBA	PANTHER:PTN001059392|MGI:MGI:107704|UniProtKB:Q9H172|UniProtKB:P45844	PANTHER:PTHR48041	protein		PMID:21873635	20210601
LCAT	UniProtKB:P04180	Phosphatidylcholine-sterol acyltransferase		GO:0030301		MGI	NCBITaxon:9606	IDA		PANTHER:PTHR11440	protein		PMID:10559507	20070824
LCAT	UniProtKB:P04180	Phosphatidylcholine-sterol acyltransferase		GO:0043691		BHF-UCL	NCBITaxon:9606	IDA		PANTHER:PTHR11440	protein		PMID:4335615	20080103
EGF	UniProtKB:P01133	Pro-epidermal growth factor		GO:0090370		Ensembl	NCBITaxon:9606	IEA	UniProtKB:P01132|ensembl:ENSMUSP00000029653	PANTHER:PTHR46513	protein		GO_REF:0000107	20210612
LDLR	UniProtKB:P01130	Low-density lipoprotein receptor		GO:0030299		HGNC-UCL	NCBITaxon:9606	IMP		PANTHER:PTHR24270	protein		PMID:17142622	20070108
LDLR	UniProtKB:P01130	Low-density lipoprotein receptor		GO:0030301		HGNC-UCL	NCBITaxon:9606	IMP		PANTHER:PTHR24270	protein		PMID:17142622	20070108
LDLR	UniProtKB:P01130	Low-density lipoprotein receptor		GO:0030301	"{""relationship"": {""relation"": [{""id"": ""RO:0002231"", ""label"": ""has start location""}], ""id"": ""UBERON:0000178"", ""label"": ""blood""}}|{""relationship"": {""relation"": [{""id"": ""RO:0002092"", ""label"": ""happens during""}], ""id"": ""GO:0008015"", ""label"": ""blood circulation""}}"	ARUK-UCL	NCBITaxon:9606	TAS		PANTHER:PTHR24270	protein		PMID:20005821	20170601
LDLR	UniProtKB:P01130	Low-density lipoprotein receptor		GO:0070508		BHF-UCL	NCBITaxon:9606	ISS	UniProtKB:P35951	PANTHER:PTHR24270	protein		GO_REF:0000024	20111129
LDLR	UniProtKB:P01130	Low-density lipoprotein receptor		GO:0070508	"{""relationship"": {""relation"": [{""id"": ""BFO:0000050"", ""label"": ""part of""}], ""id"": ""GO:0042632"", ""label"": ""cholesterol homeostasis""}}"	BHF-UCL	NCBITaxon:9606	IMP		PANTHER:PTHR24270	protein		PMID:6299582	20161031
LDLR	UniProtKB:P01130	Low-density lipoprotein receptor		GO:0090118	"{""relationship"": {""relation"": [{""id"": ""BFO:0000050"", ""label"": ""part of""}], ""id"": ""GO:0034383"", ""label"": ""low-density lipoprotein particle clearance""}}|{""relationship"": {""relation"": [{""id"": ""BFO:0000050"", ""label"": ""part of""}], ""id"": ""GO:0070508"", ""label"": ""cholesterol import""}}|{""relationship"": {""relation"": [{""id"": ""BFO:0000050"", ""label"": ""part of""}], ""id"": ""GO:0042632"", ""label"": ""cholesterol homeostasis""}}|{""relationship"": {""relation"": [{""id"": ""BFO:0000050"", ""label"": ""part of""}], ""id"": ""GO:0071404"", ""label"": ""cellular response to low-density lipoprotein particle stimulus""}}|{""relationship"": {""relation"": [{""id"": ""RO:0002313"", ""label"": ""transports or maintains localization of""}], ""id"": ""GO:0034362"", ""label"": ""low-density lipoprotein particle""}}"	BHF-UCL	NCBITaxon:9606	IMP		PANTHER:PTHR24270	protein		PMID:6299582	20161031
LDLR	UniProtKB:P01130	Low-density lipoprotein receptor		GO:0090118		GO_Central	NCBITaxon:9606	IBA	PANTHER:PTN002800105|ZFIN:ZDB-GENE-031217-1|UniProtKB:P01130	PANTHER:PTHR24270	protein		PMID:21873635	20210623
ADIPOQ	UniProtKB:Q15848	Adiponectin		GO:0010875	"{""relationship"": {""relation"": [{""id"": ""BFO:0000066"", ""label"": ""occurs in""}], ""id"": ""CL:0000235"", ""label"": ""macrophage""}}"	BHF-UCL	NCBITaxon:9606	IDA		PANTHER:PTHR15427	protein		PMID:18703020	20130703